FIRST_NAME,LAST_NAME,EMAIL,PHONE
Aaron,Reed,Aaronreed@Client.Com,615-973-3017
Aaron,Ross,Aaronross@Client.Com,615-973-2079
Alexis,Patterson,Alexispatterson@Client.Com,615-973-2086
Amanda,Anderson,Amandaanderson@Client.Com,615-973-2010
Amy,Morgan,Amymorgan@Client.Com,615-973-2056
Amy,Wright,Amywrightclient.Com,615-973-3009
Andrea,Brooks,Andreabrooks@Client.Com,615-973-2072
Andrew,Young,Andrewyoung@Client.Com,615-973-2027
Angela,Murphy,Angelamurphy@Client.Com,615-973-2058
Anna,Missing,Anna@Client.Com,615-973-3002
Asfaw,Putty,Asfawputty@Client.Com,615-973-1991
Ashley,Miller,Ashleymiller@Client.Com,615-973-2006
Ashley,Mitchell,Ashleymitchell@Client.Com,615-973-2040
Barbara,Martinez,Barbaramartinez@Client.Com,615-973-2018
Bethlehem,Missing,Bethlehem@Client.Com,615-973-1988
Betty,Green,Bettygreen@Client.Com,615-973-2034
Brandon,Cox,Brandoncox@Client.Com,615-973-2063
Brenda,Rivera,Brendarivera@Client.Com,615-973-2060
Brian,King,Brianking@Client.Com,615-973-2029
Brian,Lopez,Brianlopez@Client.Com,INVALID
Carol,Parker,Carolparker@Client.Com,615-973-2046
Charles,Garcia,Charlesgarcia@Client.Com,615-973-2017
Charles,Lee,Charleslee@Client.Com,615-973-2023
Cheryl,Gray,Cherylgray@Client.Com,615-973-2068
Chris,Brown,Chrisbrown@Client.Com,615-973-2005
Chris,Green,Chrisgreen@Client.Com,615-973-3005
Courtney,Flores,Courtneyflores@Client.Com,615-973-2088
Daniel,Evans,Danielevans@Client.Com,615-973-3013
Daniel,Evans,Danielevans@Client.Com,615-973-3014
Daniel,Wilson,Danielwilson@Client.Com,615-973-2007
David,Clark,Missing,615-973-3003
David,Thomas,Davidthomas@Client.Com,615-973-2011
Dennis,Kelly,Denniskelly@Client.Com,615-973-2073
Donna,Phillips,Donaphillips@Client.Com,615-973-2044
Douglas,Perry,Douglasperry@Client.Com,615-973-2083
Edward,Adams,Edwardadams@Client.Com,615-973-2035
Elizabeth,Walker,Elizabethwalker@Client.Com,615-973-2024
Emily,Davis,Emilydavis@Client.Com,615-973-2004
Emma,Howard,Emmahoward@Client.Com,615-973-2064
Eric,Rogers,Ericrogers@Client.Com,615-973-2053
Ethan,Simmons,Ethansimmons@Client.Com,615-973-2091
Frank,Ward,Frankward@Client.Com,615-973-2065
Gary,Collins,Garycollins@Client.Com,615-973-2049
George,Scott,Georgescott@Client.Com,615-973-2033
Gregory,Peterson,Gregorypeterson@Client.Com,615-973-2067
Hannah,Sanderson,Hannahsanderson@Client.Com,615-973-2074
Helen,Baker,Helenbaker@Client.Com,615-973-2036
Henry,Coleman,Henrycoleman@Client.Com,615-973-2081
Jacob,Evans,Jacobevans@Client.Com,615-973-2047
James,White,Jameswhite@Client.Com,615-973-2013
Jane,Smith,Janesmith@Client.Com,615-973-2002
Jason,Perez,Jasonperez@Client.Com,615-973-2041
Jeffrey,Turner,Jeffreyturner@Client.Com,615-973-2043
Jennifer,Clark,Jenniferclark@Client.Com,615-973-2020
Jerry,Price,Jerryprice@Client.Com,615-973-2075
Jessica,Moore,Jessicamoore@Client.Com,615-973-2008
John,Doe,Johndoe@Client.Com,615-973-2001
Joseph,Robinson,Josephrobinson@Client.Com,615-973-2019
Joshua,Hall,Joshuahall@Client.Com,615-973-2025
Justin,Bailey,Justinbailey@Client.Com,615-973-2059
Karen,Hernandez,Karenhernandez@Client.Com,615-973-2028
Katherine,Butler,Katherinebutler@Client.Com,615-973-2090
Kayla,Jenkins,Kaylajenkins@Client.Com,615-973-2082
Kevin,King,Kevin King@Client.Com,615-973-3008
Kevin,Lopez,Kevinlopez@Client.Com,615-973-2031
Kimberly,Roberts,Kimberlyroberts@Client.Com,615-973-2042
Larry,Bell,Larrybell@Client.Com,615-973-2057
Laura,Hill,Laurahill@Client.Com,615-973-3010
Laura,Reed,Laurareed@Client.Com,615-973-2054
Linda,Harris,Lindaharris@Client.Com,615-973-2014
Linda,White,Lindawhite@Client.Com,615-973-3004
Lisa,Hill,Lisahill@Client.Com,615-973-2032
Logan,Gonzales,Logangonzales@Client.Com,615-973-2093
Madison,Barnes,Madisonbarnes@Client.Com,615-973-2078
Maria,Foster,Mariafoster@Client.Com,615-973-2092
Maria,Lewis,Marialewis@Client.Com,615-973-2022
Mark,Young,Markyoung@Client.Com,615-973-3007
Matthew,Taylor,Matthewtaylor@Client.Com,615-973-2009
Megan,James,Meganjames@Client.Com,615-973-2070
Michael,Johnson,Michaeljohnson@Client.Com,615-973-2003
Michael,Jones,Michaeljones@Client.Com,615-973-1989
Michael,Marty,Michaelmarty@Clients.Com,615-973-1990
Michael,Marty,Michaelmarty@Clients.Com,INVALID
Michael,Marty,Missing,615-973-1990
Michelle,Morris,Michellemorris@Client.Com,615-973-2052
Missing,Smith,Smith@Client.Com,615-973-3001
Nancy,Hall,Missing,INVALID
Nancy,Wright,Nancywright@Client.Com,615-973-2030
Nash,Rust,Nashrust@Client.Com,615-973-1985
Nicholas,Sanchez,Nicholassanchez@Client.Com,615-973-2051
Noah,Washington,Noahwashington@Client.Com,615-973-2089
Olivia,Torres,Missing,615-973-3012
Olivia,Torres,Oliviatorres@Client.Com,615-973-2066
Olivia,Torres,Oliviatorres@Client.Com,615-973-3012
Pamela,Richardson,Pamelarichardson@Client.Com,615-973-2062
Patricia,Thompson,Patriciathompson@Client.Com,615-973-2016
Patrick,Watson,Patrickwatson@Client.Com,615-973-2071
Paul,Adams,Pauladams@Client.Com,615-973-3006
Paul,Adams,Pauladams@Client.Com,615-973-9999
Peter,Long,Peterlong@Client.Com,615-973-2085
Rachel,Cook,Rachelcook@Client.Com,615-973-3015
Rachel,Powell,Rachelpowell@Client.Com,615-973-2084
Raymond,Ramirez,Raymondramirez@Client.Com,615-973-2069
Robert,Brown,Robertbrown@Client.Com,INVALID
Robert,Martin,Robertmartin@Client.Com,615-973-2015
Ronald,Gonzalez,Ronaldgonzalez@Client.Com,615-973-2037
Ruth,Edwards,Ruthedwards@Client.Com,615-973-2048
Ryan,Campbell,Ryancampbell@Client.Com,615-973-2045
Samantha,Henderson,Samanthahenderson@Client.Com,615-973-2080
Sandra,Nelson,Sandranolson@Client.Com,615-973-2038
Sarah,Jackson,Sarahjackson@Client.Com,615-973-2012
Scott,Cooper,Scottcooper@Client.Com,615-973-2061
Sharon,Stewart,Sharonstewart@Client.Com,615-973-2050
Stephen,Cook,Stephencook@Client.Com,615-973-2055
Steve,Scott,Stevescott@Client.Com,615-973-3011
Steve,Scott,Stevescott@Client.Com,INVALID
Susan,Allen,Susanallen@Client.Com,615-973-2026
Susan,Lee,Susanlee@Client.Com,INVALID
Thomas,Rodriguez,Thomasrodriguez@Client.Com,615-973-2021
Timothy,Carter,Timothycarter@Client.Com,615-973-2039
Tyler,Bell,Tylerbell@Client.Com,615-973-3016
Tyler,Wood,Tylerwood@Client.Com,615-973-2077
Victoria,Bennett,Victoriabennett@Client.Com,615-973-2076
Yared,Butner,Yaredbutner@Client.Com,615-973-1987
Zachary,Hughes,Zacharyhughes@Client.Com,615-973-2087
Zelalem,Mekonnen,Zelalemmekonnen@Client.Com,615-973-1986
